{
  "project_info": {
    "project_number": "493457330384",
    "firebase_url": "https://routinebuildertest-default-rtdb.firebaseio.com",
    "project_id": "routinebuildertest",
    "storage_bucket": "routinebuildertest.appspot.com"
  },
  "client": [
    {
      "client_info": {
        "mobilesdk_app_id": "1:493457330384:android:0c850f8c54be5285868ed5",
        "android_client_info": {
          "package_name": "com.capstone.RBApp"
        }
      },
      "oauth_client": [
        {
          "client_id": "493457330384-jcipe5020jokukn1599i6d9tgg2cocgv.apps.googleusercontent.com",
          "client_type": 3
        }
      ],
      "api_key": [
        {
          "current_key": "AIzaSyBcFVIH0SJ8XC6J07kNABVe4w9LWx-yVf0"
        }
      ],
      "services": {
        "appinvite_service": {
          "other_platform_oauth_client": [
            {
              "client_id": "493457330384-jcipe5020jokukn1599i6d9tgg2cocgv.apps.googleusercontent.com",
              "client_type": 3
            }
          ]
        }
      }
    }
  ],
  "configuration_version": "1"
}